DROP TABLE TEACHES PURGE;
DROP TABLE TAKES PURGE;
DROP TABLE SECTION PURGE;
DROP TABLE COURSE PURGE;
DROP TABLE INSTRUCTOR PURGE;
DROP TABLE STUDENT PURGE;
DROP TABLE DEPARTMENT PURGE;
DROP TABLE TIME_SLOT PURGE;
DROP TABLE CLASSROOM PURGE;
DROP TABLE UNIVERSITY PURGE;

CREATE TABLE UNIVERSITY (
    university_id NUMBER PRIMARY KEY,
    name VARCHAR2(100) NOT NULL
);

INSERT INTO UNIVERSITY VALUES (1, 'Example University');
INSERT INTO UNIVERSITY VALUES (2, 'Another University');
INSERT INTO UNIVERSITY VALUES (3, 'Third University');
INSERT INTO UNIVERSITY VALUES (4, 'Fourth University');
INSERT INTO UNIVERSITY VALUES (5, 'Fifth University');
INSERT INTO UNIVERSITY VALUES (6, 'Sixth University');
INSERT INTO UNIVERSITY VALUES (7, 'Seventh University');



CREATE TABLE DEPARTMENT (
    dept_id NUMBER PRIMARY KEY,
    name VARCHAR2(50) NOT NULL,
    building VARCHAR2(50),
    budget NUMBER(12,2),
    university_id NUMBER,
    CONSTRAINT fk_dept_univ FOREIGN KEY (university_id)
        REFERENCES UNIVERSITY(university_id)
);

INSERT INTO DEPARTMENT VALUES (1, 'Computer Science', 'Taylor', 100000, 1);
INSERT INTO DEPARTMENT VALUES (2, 'Mathematics', 'Watson', 90000, 1);
INSERT INTO DEPARTMENT VALUES (3, 'Physics', 'Newton', 95000, 1);
INSERT INTO DEPARTMENT VALUES (4, 'Biology', 'Darwin', 85000, 1);
INSERT INTO DEPARTMENT VALUES (5, 'Chemistry', 'Curie', 92000, 1);
INSERT INTO DEPARTMENT VALUES (6, 'English', 'Shakespeare', 80000, 1);
INSERT INTO DEPARTMENT VALUES (7, 'History', 'Roosevelt', 78000, 1);


CREATE TABLE INSTRUCTOR (
    instructor_id NUMBER PRIMARY KEY,
    name VARCHAR2(50) NOT NULL,
    dept_id NUMBER,
    is_hod CHAR(1) DEFAULT 'N' CHECK (is_hod IN ('Y','N')),
    salary NUMBER(10,2),
    CONSTRAINT fk_instr_dept FOREIGN KEY (dept_id)
        REFERENCES DEPARTMENT(dept_id)
);

INSERT INTO INSTRUCTOR VALUES (1, 'John Doe', 1, 'Y', 80000);
INSERT INTO INSTRUCTOR VALUES (2, 'Jane Smith', 1, 'N', 75000);
INSERT INTO INSTRUCTOR VALUES (3, 'Bob Johnson', 2, 'Y', 82000);
INSERT INTO INSTRUCTOR VALUES (4, 'Alice Brown', 2, 'N', 76000);
INSERT INTO INSTRUCTOR VALUES (5, 'Charlie Davis', 3, 'Y', 81000);
INSERT INTO INSTRUCTOR VALUES (6, 'Eva Wilson', 3, 'N', 77000);
INSERT INTO INSTRUCTOR VALUES (7, 'Frank Miller', 4, 'Y', 79000);

CREATE TABLE COURSE (
    course_id VARCHAR2(8) PRIMARY KEY,
    title VARCHAR2(100) NOT NULL,
    dept_id NUMBER,
    credits NUMBER,
    CONSTRAINT fk_course_dept FOREIGN KEY (dept_id)
        REFERENCES DEPARTMENT(dept_id)
);

INSERT INTO COURSE VALUES ('CS-101', 'Introduction to Programming', 1, 3);
INSERT INTO COURSE VALUES ('CS-201', 'Data Structures', 1, 4);
INSERT INTO COURSE VALUES ('MATH-101', 'Calculus I', 2, 4);
INSERT INTO COURSE VALUES ('MATH-201', 'Linear Algebra', 2, 3);
INSERT INTO COURSE VALUES ('PHY-101', 'Mechanics', 3, 4);
INSERT INTO COURSE VALUES ('PHY-201', 'Quantum Physics', 3, 4);
INSERT INTO COURSE VALUES ('BIO-101', 'Introduction to Biology', 4, 4);


CREATE TABLE SECTION (
    section_id NUMBER PRIMARY KEY,
    course_id VARCHAR2(8),
    sec_id NUMBER,
    semester VARCHAR2(6),
    acad_year NUMBER,
    building VARCHAR2(50),
    room_number VARCHAR2(10),
    time_slot_id VARCHAR2(4),
    CONSTRAINT fk_section_course FOREIGN KEY (course_id)
        REFERENCES COURSE(course_id)
);

INSERT INTO SECTION VALUES (1,'CS-101',1,'Fall',2023,'Taylor','3128','A');
INSERT INTO SECTION VALUES (2,'CS-201',1,'Spring',2024,'Taylor','3114','B');
INSERT INTO SECTION VALUES (3,'MATH-101',1,'Fall',2023,'Watson','2230','C');
INSERT INTO SECTION VALUES (4,'MATH-201',1,'Spring',2024,'Watson','2245','D');
INSERT INTO SECTION VALUES (5,'PHY-101',1,'Fall',2023,'Newton','1320','E');
INSERT INTO SECTION VALUES (6,'PHY-201',1,'Spring',2024,'Newton','1310','F');
INSERT INTO SECTION VALUES (7,'BIO-101',1,'Fall',2023,'Darwin','2110','G');


CREATE TABLE TEACHES (
    instructor_id NUMBER,
    section_id NUMBER,
    PRIMARY KEY (instructor_id, section_id),
    FOREIGN KEY (instructor_id) REFERENCES INSTRUCTOR(instructor_id),
    FOREIGN KEY (section_id) REFERENCES SECTION(section_id)
);

INSERT INTO TEACHES VALUES (1,1);
INSERT INTO TEACHES VALUES (2,2);
INSERT INTO TEACHES VALUES (3,3);
INSERT INTO TEACHES VALUES (4,4);
INSERT INTO TEACHES VALUES (5,5);
INSERT INTO TEACHES VALUES (6,6);
INSERT INTO TEACHES VALUES (7,7);

CREATE TABLE STUDENT (
    student_id NUMBER PRIMARY KEY,
    name VARCHAR2(50),
    tot_cred NUMBER
);

INSERT INTO STUDENT VALUES (1,'Mike Johnson',60);
INSERT INTO STUDENT VALUES (2,'Sarah Lee',45);
INSERT INTO STUDENT VALUES (3,'Tom Brown',30);
INSERT INTO STUDENT VALUES (4,'Emily Davis',75);
INSERT INTO STUDENT VALUES (5,'David Wilson',90);
INSERT INTO STUDENT VALUES (6,'Lisa Anderson',15);
INSERT INTO STUDENT VALUES (7,'Chris Taylor',105);


CREATE TABLE TAKES (
    student_id NUMBER,
    section_id NUMBER,
    grade VARCHAR2(2),
    PRIMARY KEY (student_id, section_id),
    FOREIGN KEY (student_id) REFERENCES STUDENT(student_id),
    FOREIGN KEY (section_id) REFERENCES SECTION(section_id)
);

INSERT INTO TAKES VALUES (1,1,'A');
INSERT INTO TAKES VALUES (1,3,'B');
INSERT INTO TAKES VALUES (2,2,'A');
INSERT INTO TAKES VALUES (2,4,'B');
INSERT INTO TAKES VALUES (3,1,'B');
INSERT INTO TAKES VALUES (3,5,'A');
INSERT INTO TAKES VALUES (4,2,'A');
INSERT INTO TAKES VALUES (4,6,'B');
INSERT INTO TAKES VALUES (5,3,'A');
INSERT INTO TAKES VALUES (5,7,'A');
INSERT INTO TAKES VALUES (6,4,'B');
INSERT INTO TAKES VALUES (6,1,'A');
INSERT INTO TAKES VALUES (7,5,'A');
INSERT INTO TAKES VALUES (7,2,'B');


CREATE TABLE TIME_SLOT (
    time_slot_id VARCHAR2(4) PRIMARY KEY,
    day CHAR(1),
    start_time DATE,
    end_time DATE
);

INSERT INTO TIME_SLOT VALUES ('A','M',TO_DATE('09:00','HH24:MI'),TO_DATE('10:30','HH24:MI'));
INSERT INTO TIME_SLOT VALUES ('B','T',TO_DATE('10:30','HH24:MI'),TO_DATE('12:00','HH24:MI'));
INSERT INTO TIME_SLOT VALUES ('C','W',TO_DATE('13:00','HH24:MI'),TO_DATE('14:30','HH24:MI'));
INSERT INTO TIME_SLOT VALUES ('D','R',TO_DATE('15:00','HH24:MI'),TO_DATE('16:30','HH24:MI'));
INSERT INTO TIME_SLOT VALUES ('E','F',TO_DATE('11:00','HH24:MI'),TO_DATE('12:30','HH24:MI'));
INSERT INTO TIME_SLOT VALUES ('F','M',TO_DATE('14:00','HH24:MI'),TO_DATE('15:30','HH24:MI'));


CREATE TABLE CLASSROOM (
    building VARCHAR2(50),
    room_number VARCHAR2(10),
    capacity NUMBER,
    PRIMARY KEY (building, room_number)
);

INSERT INTO CLASSROOM VALUES ('Taylor','3128',50);
INSERT INTO CLASSROOM VALUES ('Taylor','3114',40);
INSERT INTO CLASSROOM VALUES ('Watson','2230',60);
INSERT INTO CLASSROOM VALUES ('Watson','2245',45);
INSERT INTO CLASSROOM VALUES ('Newton','1320',55);
INSERT INTO CLASSROOM VALUES ('Newton','1310',50);
INSERT INTO CLASSROOM VALUES ('Darwin','2110',40);


9th FEB:

alter table instructor add HireDate date;

INSERT INTO INSTRUCTOR(instructor_id, name, dept_id, is_hod, salary, HireDate) VALUES (10,'John Doe',1,'Y',80000,date '2018-06-30');
INSERT INTO INSTRUCTOR(instructor_id, name, dept_id, is_hod, salary, HireDate) VALUES (12,'Jane Smith',1,'N',75000,date '2021-03-01');
INSERT INTO INSTRUCTOR(instructor_id, name, dept_id, is_hod, salary, HireDate) VALUES (13,'Bob Johnson',2,'Y',82000,date '2023-11-01');

select * from instructor where hiredate< date '2025-06-30' and hiredate > date '2019-12-31';
select name, salary from instructor where length(salary)>=4;

#GET to know the more -less-exact salary 
SELECT
    instructor_id,
    name,
    salary,
    CASE
        WHEN salary < 2000 THEN 'Less salary'
        WHEN salary = 2000 THEN 'Exact salary'
        WHEN salary > 2000 THEN 'More salary'
    END AS salary_status
FROM instructor;

CREATE TABLE departments (
    deptno INT PRIMARY KEY,
    dept_name VARCHAR2(50),
    location VARCHAR2(50)
);

INSERT INTO departments (deptno, dept_name, location) VALUES (10, 'ACCOUNTING', 'New York');
INSERT INTO departments (deptno, dept_name, location) VALUES (20, 'RESEARCH', 'Dallas');
INSERT INTO departments (deptno, dept_name, location) VALUES (30, 'SALES', 'Chicago');
INSERT INTO departments (deptno, dept_name, location) VALUES (40, 'OPERATIONS', 'Boston');

#CREATE Employee Table
CREATE TABLE emp_new (
    emp_no NUMBER PRIMARY KEY,
    birth_date DATE NOT NULL,
    first_name VARCHAR2(14) NOT NULL,
    last_name VARCHAR2(16) NOT NULL,
    gender CHAR(1) CHECK (gender IN ('M','F')) NOT NULL,
    hire_date DATE NOT NULL,
    salary NUMBER(10,2) DEFAULT 7850.00,
    job VARCHAR2(20) NOT NULL,
    deptno NUMBER,
    manager_id NUMBER,
    CONSTRAINT fk_emp_dept FOREIGN KEY (deptno) REFERENCES departments(deptno)
);

-- Top-level manager first
INSERT INTO emp_new (emp_no, birth_date, first_name, last_name, gender, hire_date, salary, job, deptno, manager_id)
VALUES (7839, DATE '1955-11-17', 'John', 'Smith', 'M', DATE '1990-06-09', 5000.00, 'MANAGER', 10, NULL);

-- Employees reporting to John
INSERT INTO emp_new (emp_no, birth_date, first_name, last_name, gender, hire_date, salary, job, deptno, manager_id)
VALUES (7566, DATE '1960-02-21', 'James', 'Brown', 'M', DATE '1991-04-02', 2450.00, 'CLERK', 20, 7839);

INSERT INTO emp_new (emp_no, birth_date, first_name, last_name, gender, hire_date, salary, job, deptno, manager_id)
VALUES (7654, DATE '1963-12-09', 'Scott', 'Allen', 'M', DATE '1989-06-04', 2975.00, 'SALESMAN', 30, 7839);

INSERT INTO emp_new (emp_no, birth_date, first_name, last_name, gender, hire_date, salary, job, deptno, manager_id)
VALUES (7934, DATE '1970-12-03', 'Adam', 'Martin', 'M', DATE '1993-07-09', 1300.00, 'CLERK', 30, 7839);

INSERT INTO emp_new (emp_no, birth_date, first_name, last_name, gender, hire_date, salary, job, deptno, manager_id)
VALUES (7900, DATE '1972-06-19', 'Bob', 'King', 'M', DATE '1991-08-18', 850.00, 'CLERK', 10, 7839);

-- Employees reporting to James
INSERT INTO emp_new (emp_no, birth_date, first_name, last_name, gender, hire_date, salary, job, deptno, manager_id)
VALUES (7788, DATE '1961-05-23', 'Alan', 'Walker', 'M', DATE '1990-09-14', 3000.00, 'ANALYST', 20, 7566);

INSERT INTO emp_new (emp_no, birth_date, first_name, last_name, gender, hire_date, salary, job, deptno, manager_id)
VALUES (7876, DATE '1962-01-14', 'George', 'Black', 'M', DATE '1989-01-20', 1100.00, 'CLERK', 40, 7566);

-- Employees reporting to Scott
INSERT INTO emp_new (emp_no, birth_date, first_name, last_name, gender, hire_date, salary, job, deptno, manager_id)
VALUES (7902, DATE '1958-11-07', 'Alice', 'Jones', 'F', DATE '1988-12-12', 1600.00, 'CLERK', 30, 7654);

INSERT INTO emp_new (emp_no, birth_date, first_name, last_name, gender, hire_date, salary, job, deptno, manager_id)
VALUES (7844, DATE '1965-09-28', 'Diana', 'White', 'F', DATE '1992-05-21', 2950.00, 'SALESMAN', 30, 7654);


SELECT * FROM emp_new;
#upar wale ka o/p

   EMP_NO BIRTH_DAT FIRST_NAME     LAST_NAME        G HIRE_DATE     SALARY
---------- --------- -------------- ---------------- - --------- ----------
JOB                      DEPTNO MANAGER_ID
-------------------- ---------- ----------
      7839 17-NOV-55 John           Smith            M 09-JUN-90       5000
MANAGER                      10

      7566 21-FEB-60 James          Brown            M 02-APR-91       2450
CLERK                        20       7839

      7654 09-DEC-63 Scott          Allen            M 04-JUN-89       2975
SALESMAN                     30       7839


    EMP_NO BIRTH_DAT FIRST_NAME     LAST_NAME        G HIRE_DATE     SALARY
---------- --------- -------------- ---------------- - --------- ----------
JOB                      DEPTNO MANAGER_ID
-------------------- ---------- ----------
      7934 03-DEC-70 Adam           Martin           M 09-JUL-93       1300
CLERK                        30       7839

      7900 19-JUN-72 Bob            King             M 18-AUG-91        850
CLERK                        10       7839

      7788 23-MAY-61 Alan           Walker           M 14-SEP-90       3000
ANALYST                      20       7566


    EMP_NO BIRTH_DAT FIRST_NAME     LAST_NAME        G HIRE_DATE     SALARY
---------- --------- -------------- ---------------- - --------- ----------
JOB                      DEPTNO MANAGER_ID
-------------------- ---------- ----------
      7876 14-JAN-62 George         Black            M 20-JAN-89       1100
CLERK                        40       7566

      7902 07-NOV-58 Alice          Jones            F 12-DEC-88       1600
CLERK                        30       7654

      7844 28-SEP-65 Diana          White            F 21-MAY-92       2950
SALESMAN                     30       7654


9 rows selected.
DROP TABLE TEACHES PURGE;
DROP TABLE TAKES PURGE;
DROP TABLE SECTION PURGE;
DROP TABLE COURSE PURGE;
DROP TABLE INSTRUCTOR PURGE;
DROP TABLE STUDENT PURGE;
DROP TABLE DEPARTMENT PURGE;
DROP TABLE TIME_SLOT PURGE;
DROP TABLE CLASSROOM PURGE;
DROP TABLE UNIVERSITY PURGE;

CREATE TABLE UNIVERSITY (
    university_id NUMBER PRIMARY KEY,
    name VARCHAR2(100) NOT NULL
);

INSERT INTO UNIVERSITY VALUES (1, 'Example University');
INSERT INTO UNIVERSITY VALUES (2, 'Another University');
INSERT INTO UNIVERSITY VALUES (3, 'Third University');
INSERT INTO UNIVERSITY VALUES (4, 'Fourth University');
INSERT INTO UNIVERSITY VALUES (5, 'Fifth University');
INSERT INTO UNIVERSITY VALUES (6, 'Sixth University');
INSERT INTO UNIVERSITY VALUES (7, 'Seventh University');



CREATE TABLE DEPARTMENT (
    dept_id NUMBER PRIMARY KEY,
    name VARCHAR2(50) NOT NULL,
    building VARCHAR2(50),
    budget NUMBER(12,2),
    university_id NUMBER,
    CONSTRAINT fk_dept_univ FOREIGN KEY (university_id)
        REFERENCES UNIVERSITY(university_id)
);

INSERT INTO DEPARTMENT VALUES (1, 'Computer Science', 'Taylor', 100000, 1);
INSERT INTO DEPARTMENT VALUES (2, 'Mathematics', 'Watson', 90000, 1);
INSERT INTO DEPARTMENT VALUES (3, 'Physics', 'Newton', 95000, 1);
INSERT INTO DEPARTMENT VALUES (4, 'Biology', 'Darwin', 85000, 1);
INSERT INTO DEPARTMENT VALUES (5, 'Chemistry', 'Curie', 92000, 1);
INSERT INTO DEPARTMENT VALUES (6, 'English', 'Shakespeare', 80000, 1);
INSERT INTO DEPARTMENT VALUES (7, 'History', 'Roosevelt', 78000, 1);


CREATE TABLE INSTRUCTOR (
    instructor_id NUMBER PRIMARY KEY,
    name VARCHAR2(50) NOT NULL,
    dept_id NUMBER,
    is_hod CHAR(1) DEFAULT 'N' CHECK (is_hod IN ('Y','N')),
    salary NUMBER(10,2),
    CONSTRAINT fk_instr_dept FOREIGN KEY (dept_id)
        REFERENCES DEPARTMENT(dept_id)
);

INSERT INTO INSTRUCTOR VALUES (1, 'John Doe', 1, 'Y', 80000);
INSERT INTO INSTRUCTOR VALUES (2, 'Jane Smith', 1, 'N', 75000);
INSERT INTO INSTRUCTOR VALUES (3, 'Bob Johnson', 2, 'Y', 82000);
INSERT INTO INSTRUCTOR VALUES (4, 'Alice Brown', 2, 'N', 76000);
INSERT INTO INSTRUCTOR VALUES (5, 'Charlie Davis', 3, 'Y', 81000);
INSERT INTO INSTRUCTOR VALUES (6, 'Eva Wilson', 3, 'N', 77000);
INSERT INTO INSTRUCTOR VALUES (7, 'Frank Miller', 4, 'Y', 79000);

CREATE TABLE COURSE (
    course_id VARCHAR2(8) PRIMARY KEY,
    title VARCHAR2(100) NOT NULL,
    dept_id NUMBER,
    credits NUMBER,
    CONSTRAINT fk_course_dept FOREIGN KEY (dept_id)
        REFERENCES DEPARTMENT(dept_id)
);

INSERT INTO COURSE VALUES ('CS-101', 'Introduction to Programming', 1, 3);
INSERT INTO COURSE VALUES ('CS-201', 'Data Structures', 1, 4);
INSERT INTO COURSE VALUES ('MATH-101', 'Calculus I', 2, 4);
INSERT INTO COURSE VALUES ('MATH-201', 'Linear Algebra', 2, 3);
INSERT INTO COURSE VALUES ('PHY-101', 'Mechanics', 3, 4);
INSERT INTO COURSE VALUES ('PHY-201', 'Quantum Physics', 3, 4);
INSERT INTO COURSE VALUES ('BIO-101', 'Introduction to Biology', 4, 4);


CREATE TABLE SECTION (
    section_id NUMBER PRIMARY KEY,
    course_id VARCHAR2(8),
    sec_id NUMBER,
    semester VARCHAR2(6),
    acad_year NUMBER,
    building VARCHAR2(50),
    room_number VARCHAR2(10),
    time_slot_id VARCHAR2(4),
    CONSTRAINT fk_section_course FOREIGN KEY (course_id)
        REFERENCES COURSE(course_id)
);

INSERT INTO SECTION VALUES (1,'CS-101',1,'Fall',2023,'Taylor','3128','A');
INSERT INTO SECTION VALUES (2,'CS-201',1,'Spring',2024,'Taylor','3114','B');
INSERT INTO SECTION VALUES (3,'MATH-101',1,'Fall',2023,'Watson','2230','C');
INSERT INTO SECTION VALUES (4,'MATH-201',1,'Spring',2024,'Watson','2245','D');
INSERT INTO SECTION VALUES (5,'PHY-101',1,'Fall',2023,'Newton','1320','E');
INSERT INTO SECTION VALUES (6,'PHY-201',1,'Spring',2024,'Newton','1310','F');
INSERT INTO SECTION VALUES (7,'BIO-101',1,'Fall',2023,'Darwin','2110','G');


CREATE TABLE TEACHES (
    instructor_id NUMBER,
    section_id NUMBER,
    PRIMARY KEY (instructor_id, section_id),
    FOREIGN KEY (instructor_id) REFERENCES INSTRUCTOR(instructor_id),
    FOREIGN KEY (section_id) REFERENCES SECTION(section_id)
);

INSERT INTO TEACHES VALUES (1,1);
INSERT INTO TEACHES VALUES (2,2);
INSERT INTO TEACHES VALUES (3,3);
INSERT INTO TEACHES VALUES (4,4);
INSERT INTO TEACHES VALUES (5,5);
INSERT INTO TEACHES VALUES (6,6);
INSERT INTO TEACHES VALUES (7,7);

CREATE TABLE STUDENT (
    student_id NUMBER PRIMARY KEY,
    name VARCHAR2(50),
    tot_cred NUMBER
);

INSERT INTO STUDENT VALUES (1,'Mike Johnson',60);
INSERT INTO STUDENT VALUES (2,'Sarah Lee',45);
INSERT INTO STUDENT VALUES (3,'Tom Brown',30);
INSERT INTO STUDENT VALUES (4,'Emily Davis',75);
INSERT INTO STUDENT VALUES (5,'David Wilson',90);
INSERT INTO STUDENT VALUES (6,'Lisa Anderson',15);
INSERT INTO STUDENT VALUES (7,'Chris Taylor',105);


CREATE TABLE TAKES (
    student_id NUMBER,
    section_id NUMBER,
    grade VARCHAR2(2),
    PRIMARY KEY (student_id, section_id),
    FOREIGN KEY (student_id) REFERENCES STUDENT(student_id),
    FOREIGN KEY (section_id) REFERENCES SECTION(section_id)
);

INSERT INTO TAKES VALUES (1,1,'A');
INSERT INTO TAKES VALUES (1,3,'B');
INSERT INTO TAKES VALUES (2,2,'A');
INSERT INTO TAKES VALUES (2,4,'B');
INSERT INTO TAKES VALUES (3,1,'B');
INSERT INTO TAKES VALUES (3,5,'A');
INSERT INTO TAKES VALUES (4,2,'A');
INSERT INTO TAKES VALUES (4,6,'B');
INSERT INTO TAKES VALUES (5,3,'A');
INSERT INTO TAKES VALUES (5,7,'A');
INSERT INTO TAKES VALUES (6,4,'B');
INSERT INTO TAKES VALUES (6,1,'A');
INSERT INTO TAKES VALUES (7,5,'A');
INSERT INTO TAKES VALUES (7,2,'B');


CREATE TABLE TIME_SLOT (
    time_slot_id VARCHAR2(4) PRIMARY KEY,
    day CHAR(1),
    start_time DATE,
    end_time DATE
);

INSERT INTO TIME_SLOT VALUES ('A','M',TO_DATE('09:00','HH24:MI'),TO_DATE('10:30','HH24:MI'));
INSERT INTO TIME_SLOT VALUES ('B','T',TO_DATE('10:30','HH24:MI'),TO_DATE('12:00','HH24:MI'));
INSERT INTO TIME_SLOT VALUES ('C','W',TO_DATE('13:00','HH24:MI'),TO_DATE('14:30','HH24:MI'));
INSERT INTO TIME_SLOT VALUES ('D','R',TO_DATE('15:00','HH24:MI'),TO_DATE('16:30','HH24:MI'));
INSERT INTO TIME_SLOT VALUES ('E','F',TO_DATE('11:00','HH24:MI'),TO_DATE('12:30','HH24:MI'));
INSERT INTO TIME_SLOT VALUES ('F','M',TO_DATE('14:00','HH24:MI'),TO_DATE('15:30','HH24:MI'));


CREATE TABLE CLASSROOM (
    building VARCHAR2(50),
    room_number VARCHAR2(10),
    capacity NUMBER,
    PRIMARY KEY (building, room_number)
);

INSERT INTO CLASSROOM VALUES ('Taylor','3128',50);
INSERT INTO CLASSROOM VALUES ('Taylor','3114',40);
INSERT INTO CLASSROOM VALUES ('Watson','2230',60);
INSERT INTO CLASSROOM VALUES ('Watson','2245',45);
INSERT INTO CLASSROOM VALUES ('Newton','1320',55);
INSERT INTO CLASSROOM VALUES ('Newton','1310',50);
INSERT INTO CLASSROOM VALUES ('Darwin','2110',40);


9th FEB:

alter table instructor add HireDate date;

INSERT INTO INSTRUCTOR(instructor_id, name, dept_id, is_hod, salary, HireDate) VALUES (10,'John Doe',1,'Y',80000,date '2018-06-30');
INSERT INTO INSTRUCTOR(instructor_id, name, dept_id, is_hod, salary, HireDate) VALUES (12,'Jane Smith',1,'N',75000,date '2021-03-01');
INSERT INTO INSTRUCTOR(instructor_id, name, dept_id, is_hod, salary, HireDate) VALUES (13,'Bob Johnson',2,'Y',82000,date '2023-11-01');

select * from instructor where hiredate< date '2025-06-30' and hiredate > date '2019-12-31';
select name, salary from instructor where length(salary)>=4;

#GET to know the more -less-exact salary 
SELECT
    instructor_id,
    name,
    salary,
    CASE
        WHEN salary < 2000 THEN 'Less salary'
        WHEN salary = 2000 THEN 'Exact salary'
        WHEN salary > 2000 THEN 'More salary'
    END AS salary_status
FROM instructor;

CREATE TABLE departments (
    deptno INT PRIMARY KEY,
    dept_name VARCHAR2(50),
    location VARCHAR2(50)
);

INSERT INTO departments (deptno, dept_name, location) VALUES (10, 'ACCOUNTING', 'New York');
INSERT INTO departments (deptno, dept_name, location) VALUES (20, 'RESEARCH', 'Dallas');
INSERT INTO departments (deptno, dept_name, location) VALUES (30, 'SALES', 'Chicago');
INSERT INTO departments (deptno, dept_name, location) VALUES (40, 'OPERATIONS', 'Boston');

#CREATE Employee Table
CREATE TABLE emp_new (
    emp_no NUMBER PRIMARY KEY,
    birth_date DATE NOT NULL,
    first_name VARCHAR2(14) NOT NULL,
    last_name VARCHAR2(16) NOT NULL,
    gender CHAR(1) CHECK (gender IN ('M','F')) NOT NULL,
    hire_date DATE NOT NULL,
    salary NUMBER(10,2) DEFAULT 7850.00,
    job VARCHAR2(20) NOT NULL,
    deptno NUMBER,
    manager_id NUMBER,
    CONSTRAINT fk_emp_dept FOREIGN KEY (deptno) REFERENCES departments(deptno)
);

-- Top-level manager first
INSERT INTO emp_new (emp_no, birth_date, first_name, last_name, gender, hire_date, salary, job, deptno, manager_id)
VALUES (7839, DATE '1955-11-17', 'John', 'Smith', 'M', DATE '1990-06-09', 5000.00, 'MANAGER', 10, NULL);

-- Employees reporting to John
INSERT INTO emp_new (emp_no, birth_date, first_name, last_name, gender, hire_date, salary, job, deptno, manager_id)
VALUES (7566, DATE '1960-02-21', 'James', 'Brown', 'M', DATE '1991-04-02', 2450.00, 'CLERK', 20, 7839);

INSERT INTO emp_new (emp_no, birth_date, first_name, last_name, gender, hire_date, salary, job, deptno, manager_id)
VALUES (7654, DATE '1963-12-09', 'Scott', 'Allen', 'M', DATE '1989-06-04', 2975.00, 'SALESMAN', 30, 7839);

INSERT INTO emp_new (emp_no, birth_date, first_name, last_name, gender, hire_date, salary, job, deptno, manager_id)
VALUES (7934, DATE '1970-12-03', 'Adam', 'Martin', 'M', DATE '1993-07-09', 1300.00, 'CLERK', 30, 7839);

INSERT INTO emp_new (emp_no, birth_date, first_name, last_name, gender, hire_date, salary, job, deptno, manager_id)
VALUES (7900, DATE '1972-06-19', 'Bob', 'King', 'M', DATE '1991-08-18', 850.00, 'CLERK', 10, 7839);

-- Employees reporting to James
INSERT INTO emp_new (emp_no, birth_date, first_name, last_name, gender, hire_date, salary, job, deptno, manager_id)
VALUES (7788, DATE '1961-05-23', 'Alan', 'Walker', 'M', DATE '1990-09-14', 3000.00, 'ANALYST', 20, 7566);

INSERT INTO emp_new (emp_no, birth_date, first_name, last_name, gender, hire_date, salary, job, deptno, manager_id)
VALUES (7876, DATE '1962-01-14', 'George', 'Black', 'M', DATE '1989-01-20', 1100.00, 'CLERK', 40, 7566);

-- Employees reporting to Scott
INSERT INTO emp_new (emp_no, birth_date, first_name, last_name, gender, hire_date, salary, job, deptno, manager_id)
VALUES (7902, DATE '1958-11-07', 'Alice', 'Jones', 'F', DATE '1988-12-12', 1600.00, 'CLERK', 30, 7654);

INSERT INTO emp_new (emp_no, birth_date, first_name, last_name, gender, hire_date, salary, job, deptno, manager_id)
VALUES (7844, DATE '1965-09-28', 'Diana', 'White', 'F', DATE '1992-05-21', 2950.00, 'SALESMAN', 30, 7654);


SELECT * FROM emp_new;
#upar wale ka o/p

   EMP_NO BIRTH_DAT FIRST_NAME     LAST_NAME        G HIRE_DATE     SALARY
---------- --------- -------------- ---------------- - --------- ----------
JOB                      DEPTNO MANAGER_ID
-------------------- ---------- ----------
      7839 17-NOV-55 John           Smith            M 09-JUN-90       5000
MANAGER                      10

      7566 21-FEB-60 James          Brown            M 02-APR-91       2450
CLERK                        20       7839

      7654 09-DEC-63 Scott          Allen            M 04-JUN-89       2975
SALESMAN                     30       7839


    EMP_NO BIRTH_DAT FIRST_NAME     LAST_NAME        G HIRE_DATE     SALARY
---------- --------- -------------- ---------------- - --------- ----------
JOB                      DEPTNO MANAGER_ID
-------------------- ---------- ----------
      7934 03-DEC-70 Adam           Martin           M 09-JUL-93       1300
CLERK                        30       7839

      7900 19-JUN-72 Bob            King             M 18-AUG-91        850
CLERK                        10       7839

      7788 23-MAY-61 Alan           Walker           M 14-SEP-90       3000
ANALYST                      20       7566


    EMP_NO BIRTH_DAT FIRST_NAME     LAST_NAME        G HIRE_DATE     SALARY
---------- --------- -------------- ---------------- - --------- ----------
JOB                      DEPTNO MANAGER_ID
-------------------- ---------- ----------
      7876 14-JAN-62 George         Black            M 20-JAN-89       1100
CLERK                        40       7566

      7902 07-NOV-58 Alice          Jones            F 12-DEC-88       1600
CLERK                        30       7654

      7844 28-SEP-65 Diana          White            F 21-MAY-92       2950
SALESMAN                     30       7654


9 rows selected.
